"{'danceability': 0.55, 'energy': 0.5, 'key': 7, 'loudness': -5.779, 'mode': 0, 'speechiness': 0.045, 'acousticness': 0.285, 'instrumentalness': 0, 'liveness': 0.116, 'valence': 0.351, 'tempo': 115.016, 'type': 'audio_features', 'id': '7oQepKHmXDaPC3rgeLRvQu', 'uri': 'spotify:track:7oQepKHmXDaPC3rgeLRvQu', 'track_href': 'https://api.spotify.com/v1/tracks/7oQepKHmXDaPC3rgeLRvQu', 'analysis_url': 'https://api.spotify.com/v1/audio-analysis/7oQepKHmXDaPC3rgeLRvQu', 'duration_ms': 167357, 'time_signature': 4}"
"{'danceability': 0.792, 'energy': 0.679, 'key': 9, 'loudness': -5.516, 'mode': 0, 'speechiness': 0.041, 'acousticness': 0.517, 'instrumentalness': 1.49e-05, 'liveness': 0.0962, 'valence': 0.204, 'tempo': 119.932, 'type': 'audio_features', 'id': '7DyDjhZMEIK5Ied4juTCyc', 'uri': 'spotify:track:7DyDjhZMEIK5Ied4juTCyc', 'track_href': 'https://api.spotify.com/v1/tracks/7DyDjhZMEIK5Ied4juTCyc', 'analysis_url': 'https://api.spotify.com/v1/audio-analysis/7DyDjhZMEIK5Ied4juTCyc', 'duration_ms': 151320, 'time_signature': 4}"
"{'danceability': 0.662, 'energy': 0.726, 'key': 6, 'loudness': -6.786, 'mode': 1, 'speechiness': 0.0516, 'acousticness': 0.132, 'instrumentalness': 0, 'liveness': 0.455, 'valence': 0.408, 'tempo': 149.944, 'type': 'audio_features', 'id': '7jYwZOptDPesQgzj7vhsEF', 'uri': 'spotify:track:7jYwZOptDPesQgzj7vhsEF', 'track_href': 'https://api.spotify.com/v1/tracks/7jYwZOptDPesQgzj7vhsEF', 'analysis_url': 'https://api.spotify.com/v1/audio-analysis/7jYwZOptDPesQgzj7vhsEF', 'duration_ms': 148800, 'time_signature': 4}"
"{'danceability': 0.888, 'energy': 0.607, 'key': 10, 'loudness': -5.632, 'mode': 0, 'speechiness': 0.165, 'acousticness': 0.147, 'instrumentalness': 0, 'liveness': 0.111, 'valence': 0.728, 'tempo': 103.136, 'type': 'audio_features', 'id': '11eYmv0tA3wEoyD1Sad2Nv', 'uri': 'spotify:track:11eYmv0tA3wEoyD1Sad2Nv', 'track_href': 'https://api.spotify.com/v1/tracks/11eYmv0tA3wEoyD1Sad2Nv', 'analysis_url': 'https://api.spotify.com/v1/audio-analysis/11eYmv0tA3wEoyD1Sad2Nv', 'duration_ms': 134888, 'time_signature': 4}"
"{'danceability': 0.613, 'energy': 0.935, 'key': 1, 'loudness': -2.653, 'mode': 0, 'speechiness': 0.0404, 'acousticness': 0.0255, 'instrumentalness': 0, 'liveness': 0.184, 'valence': 0.859, 'tempo': 77.498, 'type': 'audio_features', 'id': '54eE5H6F1HhyM5L4fRLq8s', 'uri': 'spotify:track:54eE5H6F1HhyM5L4fRLq8s', 'track_href': 'https://api.spotify.com/v1/tracks/54eE5H6F1HhyM5L4fRLq8s', 'analysis_url': 'https://api.spotify.com/v1/audio-analysis/54eE5H6F1HhyM5L4fRLq8s', 'duration_ms': 170371, 'time_signature': 4}"
"{'danceability': 0.707, 'energy': 0.681, 'key': 0, 'loudness': -4.325, 'mode': 1, 'speechiness': 0.0668, 'acousticness': 0.0632, 'instrumentalness': 5.15e-06, 'liveness': 0.0322, 'valence': 0.646, 'tempo': 117.999, 'type': 'audio_features', 'id': '0yLdNVWF3Srea0uzk55zFn', 'uri': 'spotify:track:0yLdNVWF3Srea0uzk55zFn', 'track_href': 'https://api.spotify.com/v1/tracks/0yLdNVWF3Srea0uzk55zFn', 'analysis_url': 'https://api.spotify.com/v1/audio-analysis/0yLdNVWF3Srea0uzk55zFn', 'duration_ms': 200455, 'time_signature': 4}"
"{'danceability': 0.679, 'energy': 0.751, 'key': 6, 'loudness': -6.434, 'mode': 1, 'speechiness': 0.045, 'acousticness': 0.0308, 'instrumentalness': 1.57e-06, 'liveness': 0.0665, 'valence': 0.459, 'tempo': 97.982, 'type': 'audio_features', 'id': '07gGSxcPN5iEnszYgtx73S', 'uri': 'spotify:track:07gGSxcPN5iEnszYgtx73S', 'track_href': 'https://api.spotify.com/v1/tracks/07gGSxcPN5iEnszYgtx73S', 'analysis_url': 'https://api.spotify.com/v1/audio-analysis/07gGSxcPN5iEnszYgtx73S', 'duration_ms': 260000, 'time_signature': 4}"
"{'danceability': 0.735, 'energy': 0.449, 'key': 2, 'loudness': -9.933, 'mode': 0, 'speechiness': 0.383, 'acousticness': 0.859, 'instrumentalness': 0, 'liveness': 0.213, 'valence': 0.514, 'tempo': 146.016, 'type': 'audio_features', 'id': '3zkyus0njMCL6phZmNNEeN', 'uri': 'spotify:track:3zkyus0njMCL6phZmNNEeN', 'track_href': 'https://api.spotify.com/v1/tracks/3zkyus0njMCL6phZmNNEeN', 'analysis_url': 'https://api.spotify.com/v1/audio-analysis/3zkyus0njMCL6phZmNNEeN', 'duration_ms': 175890, 'time_signature': 4}"
"{'danceability': 0.903, 'energy': 0.719, 'key': 1, 'loudness': -8.054, 'mode': 1, 'speechiness': 0.052, 'acousticness': 0.514, 'instrumentalness': 7.67e-05, 'liveness': 0.743, 'valence': 0.639, 'tempo': 118.036, 'type': 'audio_features', 'id': '4YxZQd3I4rj1nqkXgvpCk4', 'uri': 'spotify:track:4YxZQd3I4rj1nqkXgvpCk4', 'track_href': 'https://api.spotify.com/v1/tracks/4YxZQd3I4rj1nqkXgvpCk4', 'analysis_url': 'https://api.spotify.com/v1/audio-analysis/4YxZQd3I4rj1nqkXgvpCk4', 'duration_ms': 230829, 'time_signature': 4}"
"{'danceability': 0.769, 'energy': 0.637, 'key': 9, 'loudness': -9.019, 'mode': 0, 'speechiness': 0.259, 'acousticness': 0.386, 'instrumentalness': 0.0527, 'liveness': 0.111, 'valence': 0.86, 'tempo': 160.01, 'type': 'audio_features', 'id': '28eI53WyFJVjjQwSnWTh9K', 'uri': 'spotify:track:28eI53WyFJVjjQwSnWTh9K', 'track_href': 'https://api.spotify.com/v1/tracks/28eI53WyFJVjjQwSnWTh9K', 'analysis_url': 'https://api.spotify.com/v1/audio-analysis/28eI53WyFJVjjQwSnWTh9K', 'duration_ms': 150877, 'time_signature': 4}"
"{'danceability': 0.334, 'energy': 0.721, 'key': 2, 'loudness': -5.58, 'mode': 1, 'speechiness': 0.192, 'acousticness': 0.125, 'instrumentalness': 0.000203, 'liveness': 0.0958, 'valence': 0.224, 'tempo': 192.039, 'type': 'audio_features', 'id': '6N1c56ff1CRrhAiNwIfgaz', 'uri': 'spotify:track:6N1c56ff1CRrhAiNwIfgaz', 'track_href': 'https://api.spotify.com/v1/tracks/6N1c56ff1CRrhAiNwIfgaz', 'analysis_url': 'https://api.spotify.com/v1/audio-analysis/6N1c56ff1CRrhAiNwIfgaz', 'duration_ms': 272373, 'time_signature': 4}"
"{'danceability': 0.701, 'energy': 0.477, 'key': 1, 'loudness': -12.008, 'mode': 1, 'speechiness': 0.0429, 'acousticness': 0.166, 'instrumentalness': 0.554, 'liveness': 0.147, 'valence': 0.174, 'tempo': 140.05, 'type': 'audio_features', 'id': '6nYJWAPKIJfXIKtiYc4P4O', 'uri': 'spotify:track:6nYJWAPKIJfXIKtiYc4P4O', 'track_href': 'https://api.spotify.com/v1/tracks/6nYJWAPKIJfXIKtiYc4P4O', 'analysis_url': 'https://api.spotify.com/v1/audio-analysis/6nYJWAPKIJfXIKtiYc4P4O', 'duration_ms': 150000, 'time_signature': 4}"
"{'danceability': 0.755, 'energy': 0.682, 'key': 4, 'loudness': -7.626, 'mode': 0, 'speechiness': 0.338, 'acousticness': 0.483, 'instrumentalness': 1.07e-06, 'liveness': 0.221, 'valence': 0.445, 'tempo': 86.966, 'type': 'audio_features', 'id': '4AdhQGPnOKrH0EJWXc2EEM', 'uri': 'spotify:track:4AdhQGPnOKrH0EJWXc2EEM', 'track_href': 'https://api.spotify.com/v1/tracks/4AdhQGPnOKrH0EJWXc2EEM', 'analysis_url': 'https://api.spotify.com/v1/audio-analysis/4AdhQGPnOKrH0EJWXc2EEM', 'duration_ms': 166748, 'time_signature': 4}"
"{'danceability': 0.817, 'energy': 0.784, 'key': 5, 'loudness': -4.971, 'mode': 0, 'speechiness': 0.0463, 'acousticness': 0.119, 'instrumentalness': 0, 'liveness': 0.13, 'valence': 0.537, 'tempo': 131.995, 'type': 'audio_features', 'id': '6kvW6EI5UuqCmlp7L7HD9O', 'uri': 'spotify:track:6kvW6EI5UuqCmlp7L7HD9O', 'track_href': 'https://api.spotify.com/v1/tracks/6kvW6EI5UuqCmlp7L7HD9O', 'analysis_url': 'https://api.spotify.com/v1/audio-analysis/6kvW6EI5UuqCmlp7L7HD9O', 'duration_ms': 173423, 'time_signature': 4}"
"{'danceability': 0.715, 'energy': 0.62, 'key': 1, 'loudness': -6.005, 'mode': 0, 'speechiness': 0.0484, 'acousticness': 0.417, 'instrumentalness': 0, 'liveness': 0.0822, 'valence': 0.172, 'tempo': 97.95, 'type': 'audio_features', 'id': '2dHHgzDwk4BJdRwy9uXhTO', 'uri': 'spotify:track:2dHHgzDwk4BJdRwy9uXhTO', 'track_href': 'https://api.spotify.com/v1/tracks/2dHHgzDwk4BJdRwy9uXhTO', 'analysis_url': 'https://api.spotify.com/v1/audio-analysis/2dHHgzDwk4BJdRwy9uXhTO', 'duration_ms': 221520, 'time_signature': 4}"
"{'danceability': 0.874, 'energy': 0.869, 'key': 1, 'loudness': -5.996, 'mode': 0, 'speechiness': 0.0315, 'acousticness': 0.00116, 'instrumentalness': 0.00238, 'liveness': 0.164, 'valence': 0.726, 'tempo': 126.027, 'type': 'audio_features', 'id': '5ZduaRci3iNUiDfJbBfAaf', 'uri': 'spotify:track:5ZduaRci3iNUiDfJbBfAaf', 'track_href': 'https://api.spotify.com/v1/tracks/5ZduaRci3iNUiDfJbBfAaf', 'analysis_url': 'https://api.spotify.com/v1/audio-analysis/5ZduaRci3iNUiDfJbBfAaf', 'duration_ms': 102861, 'time_signature': 4}"
"{'danceability': 0.768, 'energy': 0.767, 'key': 5, 'loudness': -8.06, 'mode': 0, 'speechiness': 0.0358, 'acousticness': 0.194, 'instrumentalness': 0, 'liveness': 0.121, 'valence': 0.457, 'tempo': 125.029, 'type': 'audio_features', 'id': '07VcTAooOBP8hIluuUS5xr', 'uri': 'spotify:track:07VcTAooOBP8hIluuUS5xr', 'track_href': 'https://api.spotify.com/v1/tracks/07VcTAooOBP8hIluuUS5xr', 'analysis_url': 'https://api.spotify.com/v1/audio-analysis/07VcTAooOBP8hIluuUS5xr', 'duration_ms': 132000, 'time_signature': 4}"
"{'danceability': 0.782, 'energy': 0.565, 'key': 6, 'loudness': -7.221, 'mode': 0, 'speechiness': 0.136, 'acousticness': 0.113, 'instrumentalness': 0.000634, 'liveness': 0.0954, 'valence': 0.137, 'tempo': 134.962, 'type': 'audio_features', 'id': '1z9NVyu6rOFQR57vA94xbR', 'uri': 'spotify:track:1z9NVyu6rOFQR57vA94xbR', 'track_href': 'https://api.spotify.com/v1/tracks/1z9NVyu6rOFQR57vA94xbR', 'analysis_url': 'https://api.spotify.com/v1/audio-analysis/1z9NVyu6rOFQR57vA94xbR', 'duration_ms': 202709, 'time_signature': 4}"
"{'danceability': 0.749, 'energy': 0.573, 'key': 10, 'loudness': -6.77, 'mode': 0, 'speechiness': 0.0453, 'acousticness': 0.775, 'instrumentalness': 0, 'liveness': 0.15, 'valence': 0.743, 'tempo': 112.967, 'type': 'audio_features', 'id': '2xIHVoglz5mLrNf145RieQ', 'uri': 'spotify:track:2xIHVoglz5mLrNf145RieQ', 'track_href': 'https://api.spotify.com/v1/tracks/2xIHVoglz5mLrNf145RieQ', 'analysis_url': 'https://api.spotify.com/v1/audio-analysis/2xIHVoglz5mLrNf145RieQ', 'duration_ms': 164253, 'time_signature': 4}"
"{'danceability': 0.662, 'energy': 0.398, 'key': 11, 'loudness': -6.691, 'mode': 0, 'speechiness': 0.0275, 'acousticness': 0.716, 'instrumentalness': 0, 'liveness': 0.111, 'valence': 0.468, 'tempo': 107.001, 'type': 'audio_features', 'id': '4sx6NRwL6Ol3V6m9exwGlQ', 'uri': 'spotify:track:4sx6NRwL6Ol3V6m9exwGlQ', 'track_href': 'https://api.spotify.com/v1/tracks/4sx6NRwL6Ol3V6m9exwGlQ', 'analysis_url': 'https://api.spotify.com/v1/audio-analysis/4sx6NRwL6Ol3V6m9exwGlQ', 'duration_ms': 145850, 'time_signature': 4}"
"{'danceability': 0.849, 'energy': 0.449, 'key': 1, 'loudness': -8.39, 'mode': 1, 'speechiness': 0.291, 'acousticness': 0.341, 'instrumentalness': 0, 'liveness': 0.106, 'valence': 0.602, 'tempo': 84.463, 'type': 'audio_features', 'id': '7lkYdyKCN44Lc5saKwIGhP', 'uri': 'spotify:track:7lkYdyKCN44Lc5saKwIGhP', 'track_href': 'https://api.spotify.com/v1/tracks/7lkYdyKCN44Lc5saKwIGhP', 'analysis_url': 'https://api.spotify.com/v1/audio-analysis/7lkYdyKCN44Lc5saKwIGhP', 'duration_ms': 150899, 'time_signature': 4}"
"{'danceability': 0.629, 'energy': 0.458, 'key': 5, 'loudness': -7.159, 'mode': 1, 'speechiness': 0.0374, 'acousticness': 0.14, 'instrumentalness': 0, 'liveness': 0.263, 'valence': 0.0758, 'tempo': 77.525, 'type': 'audio_features', 'id': '53vyWY4myvD6qPh1z54Itx', 'uri': 'spotify:track:53vyWY4myvD6qPh1z54Itx', 'track_href': 'https://api.spotify.com/v1/tracks/53vyWY4myvD6qPh1z54Itx', 'analysis_url': 'https://api.spotify.com/v1/audio-analysis/53vyWY4myvD6qPh1z54Itx', 'duration_ms': 174000, 'time_signature': 4}"
"{'danceability': 0.895, 'energy': 0.763, 'key': 0, 'loudness': -7.267, 'mode': 1, 'speechiness': 0.261, 'acousticness': 0.239, 'instrumentalness': 2.72e-06, 'liveness': 0.314, 'valence': 0.525, 'tempo': 129.994, 'type': 'audio_features', 'id': '2IvrIIvwA3zEPXmJitBlJD', 'uri': 'spotify:track:2IvrIIvwA3zEPXmJitBlJD', 'track_href': 'https://api.spotify.com/v1/tracks/2IvrIIvwA3zEPXmJitBlJD', 'analysis_url': 'https://api.spotify.com/v1/audio-analysis/2IvrIIvwA3zEPXmJitBlJD', 'duration_ms': 194445, 'time_signature': 4}"
"{'danceability': 0.629, 'energy': 0.44, 'key': 2, 'loudness': -12.318, 'mode': 1, 'speechiness': 0.0367, 'acousticness': 0.843, 'instrumentalness': 0.0459, 'liveness': 0.127, 'valence': 0.813, 'tempo': 136.084, 'type': 'audio_features', 'id': '4tQA4uDHh6iPaQLWaxeQqH', 'uri': 'spotify:track:4tQA4uDHh6iPaQLWaxeQqH', 'track_href': 'https://api.spotify.com/v1/tracks/4tQA4uDHh6iPaQLWaxeQqH', 'analysis_url': 'https://api.spotify.com/v1/audio-analysis/4tQA4uDHh6iPaQLWaxeQqH', 'duration_ms': 137647, 'time_signature': 4}"
"{'danceability': 0.663, 'energy': 0.559, 'key': 6, 'loudness': -12.876, 'mode': 0, 'speechiness': 0.0391, 'acousticness': 0.136, 'instrumentalness': 0.0894, 'liveness': 0.108, 'valence': 0.296, 'tempo': 145.007, 'type': 'audio_features', 'id': '4tRhRLBxIZ34Iw0eCuiC03', 'uri': 'spotify:track:4tRhRLBxIZ34Iw0eCuiC03', 'track_href': 'https://api.spotify.com/v1/tracks/4tRhRLBxIZ34Iw0eCuiC03', 'analysis_url': 'https://api.spotify.com/v1/audio-analysis/4tRhRLBxIZ34Iw0eCuiC03', 'duration_ms': 206385, 'time_signature': 4}"
"{'danceability': 0.696, 'energy': 0.793, 'key': 8, 'loudness': -5.733, 'mode': 1, 'speechiness': 0.097, 'acousticness': 0.0683, 'instrumentalness': 3.78e-06, 'liveness': 0.18, 'valence': 0.698, 'tempo': 120.003, 'type': 'audio_features', 'id': '6BePGk3eCan4FqaW2X8Qy3', 'uri': 'spotify:track:6BePGk3eCan4FqaW2X8Qy3', 'track_href': 'https://api.spotify.com/v1/tracks/6BePGk3eCan4FqaW2X8Qy3', 'analysis_url': 'https://api.spotify.com/v1/audio-analysis/6BePGk3eCan4FqaW2X8Qy3', 'duration_ms': 172253, 'time_signature': 4}"
"{'danceability': 0.626, 'energy': 0.477, 'key': 11, 'loudness': -7.734, 'mode': 1, 'speechiness': 0.0587, 'acousticness': 0.814, 'instrumentalness': 4.05e-06, 'liveness': 0.105, 'valence': 0.472, 'tempo': 146.764, 'type': 'audio_features', 'id': '34FFsLy4HDUjnnDMjGXEvU', 'uri': 'spotify:track:34FFsLy4HDUjnnDMjGXEvU', 'track_href': 'https://api.spotify.com/v1/tracks/34FFsLy4HDUjnnDMjGXEvU', 'analysis_url': 'https://api.spotify.com/v1/audio-analysis/34FFsLy4HDUjnnDMjGXEvU', 'duration_ms': 168307, 'time_signature': 4}"
"{'danceability': 0.504, 'energy': 0.451, 'key': 0, 'loudness': -7.699, 'mode': 1, 'speechiness': 0.404, 'acousticness': 0.613, 'instrumentalness': 0, 'liveness': 0.318, 'valence': 0.355, 'tempo': 86.478, 'type': 'audio_features', 'id': '2IEsTp4cFNOZVBNshXLB6k', 'uri': 'spotify:track:2IEsTp4cFNOZVBNshXLB6k', 'track_href': 'https://api.spotify.com/v1/tracks/2IEsTp4cFNOZVBNshXLB6k', 'analysis_url': 'https://api.spotify.com/v1/audio-analysis/2IEsTp4cFNOZVBNshXLB6k', 'duration_ms': 216422, 'time_signature': 5}"
"{'danceability': 0.813, 'energy': 0.52, 'key': 10, 'loudness': -6.531, 'mode': 0, 'speechiness': 0.103, 'acousticness': 0.543, 'instrumentalness': 0.000668, 'liveness': 0.166, 'valence': 0.557, 'tempo': 99.896, 'type': 'audio_features', 'id': '6HNyXYZijMzIdykDQRLC9N', 'uri': 'spotify:track:6HNyXYZijMzIdykDQRLC9N', 'track_href': 'https://api.spotify.com/v1/tracks/6HNyXYZijMzIdykDQRLC9N', 'analysis_url': 'https://api.spotify.com/v1/audio-analysis/6HNyXYZijMzIdykDQRLC9N', 'duration_ms': 178547, 'time_signature': 4}"
"{'danceability': 0.685, 'energy': 0.778, 'key': 0, 'loudness': -6.922, 'mode': 0, 'speechiness': 0.074, 'acousticness': 0.00417, 'instrumentalness': 0.000477, 'liveness': 0.0966, 'valence': 0.824, 'tempo': 105.032, 'type': 'audio_features', 'id': '1AmHFe9qiR4ydvHRMQgMnY', 'uri': 'spotify:track:1AmHFe9qiR4ydvHRMQgMnY', 'track_href': 'https://api.spotify.com/v1/tracks/1AmHFe9qiR4ydvHRMQgMnY', 'analysis_url': 'https://api.spotify.com/v1/audio-analysis/1AmHFe9qiR4ydvHRMQgMnY', 'duration_ms': 177124, 'time_signature': 4}"
"{'danceability': 0.801, 'energy': 0.806, 'key': 11, 'loudness': -5.206, 'mode': 1, 'speechiness': 0.0381, 'acousticness': 0.382, 'instrumentalness': 0.000669, 'liveness': 0.114, 'valence': 0.802, 'tempo': 106.999, 'type': 'audio_features', 'id': '0WtM2NBVQNNJLh6scP13H8', 'uri': 'spotify:track:0WtM2NBVQNNJLh6scP13H8', 'track_href': 'https://api.spotify.com/v1/tracks/0WtM2NBVQNNJLh6scP13H8', 'analysis_url': 'https://api.spotify.com/v1/audio-analysis/0WtM2NBVQNNJLh6scP13H8', 'duration_ms': 239318, 'time_signature': 4}"
"{'danceability': 0.84, 'energy': 0.938, 'key': 5, 'loudness': -4.992, 'mode': 0, 'speechiness': 0.0806, 'acousticness': 0.0717, 'instrumentalness': 0.000196, 'liveness': 0.256, 'valence': 0.746, 'tempo': 135.971, 'type': 'audio_features', 'id': '47gFO4wiq9rLJo9vz0DP3q', 'uri': 'spotify:track:47gFO4wiq9rLJo9vz0DP3q', 'track_href': 'https://api.spotify.com/v1/tracks/47gFO4wiq9rLJo9vz0DP3q', 'analysis_url': 'https://api.spotify.com/v1/audio-analysis/47gFO4wiq9rLJo9vz0DP3q', 'duration_ms': 137647, 'time_signature': 4}"
"{'danceability': 0.571, 'energy': 0.845, 'key': 6, 'loudness': -4.4, 'mode': 1, 'speechiness': 0.0595, 'acousticness': 0.0549, 'instrumentalness': 5.5e-05, 'liveness': 0.081, 'valence': 0.409, 'tempo': 163.884, 'type': 'audio_features', 'id': '0C3shWEOObGT5IxApC7Mkg', 'uri': 'spotify:track:0C3shWEOObGT5IxApC7Mkg', 'track_href': 'https://api.spotify.com/v1/tracks/0C3shWEOObGT5IxApC7Mkg', 'analysis_url': 'https://api.spotify.com/v1/audio-analysis/0C3shWEOObGT5IxApC7Mkg', 'duration_ms': 195365, 'time_signature': 4}"
"{'danceability': 0.616, 'energy': 0.841, 'key': 5, 'loudness': -4.779, 'mode': 0, 'speechiness': 0.076, 'acousticness': 0.0559, 'instrumentalness': 0.00217, 'liveness': 0.417, 'valence': 0.714, 'tempo': 110.029, 'type': 'audio_features', 'id': '5YdnOm5990Kfq1Jodws98B', 'uri': 'spotify:track:5YdnOm5990Kfq1Jodws98B', 'track_href': 'https://api.spotify.com/v1/tracks/5YdnOm5990Kfq1Jodws98B', 'analysis_url': 'https://api.spotify.com/v1/audio-analysis/5YdnOm5990Kfq1Jodws98B', 'duration_ms': 154561, 'time_signature': 4}"
"{'danceability': 0.67, 'energy': 0.498, 'key': 6, 'loudness': -8.236, 'mode': 0, 'speechiness': 0.332, 'acousticness': 0.722, 'instrumentalness': 0, 'liveness': 0.116, 'valence': 0.355, 'tempo': 81.914, 'type': 'audio_features', 'id': '7gK3S5NIkw1KdvdnUU1O5z', 'uri': 'spotify:track:7gK3S5NIkw1KdvdnUU1O5z', 'track_href': 'https://api.spotify.com/v1/tracks/7gK3S5NIkw1KdvdnUU1O5z', 'analysis_url': 'https://api.spotify.com/v1/audio-analysis/7gK3S5NIkw1KdvdnUU1O5z', 'duration_ms': 192507, 'time_signature': 4}"
"{'danceability': 0.607, 'energy': 0.767, 'key': 5, 'loudness': -6.069, 'mode': 0, 'speechiness': 0.0474, 'acousticness': 0.118, 'instrumentalness': 0, 'liveness': 0.122, 'valence': 0.662, 'tempo': 123.998, 'type': 'audio_features', 'id': '3rb0tMq42WfggucPm0HHkA', 'uri': 'spotify:track:3rb0tMq42WfggucPm0HHkA', 'track_href': 'https://api.spotify.com/v1/tracks/3rb0tMq42WfggucPm0HHkA', 'analysis_url': 'https://api.spotify.com/v1/audio-analysis/3rb0tMq42WfggucPm0HHkA', 'duration_ms': 148629, 'time_signature': 3}"
"{'danceability': 0.596, 'energy': 0.798, 'key': 0, 'loudness': -4.63, 'mode': 1, 'speechiness': 0.0285, 'acousticness': 0.00412, 'instrumentalness': 0, 'liveness': 0.338, 'valence': 0.459, 'tempo': 105.01, 'type': 'audio_features', 'id': '373gDROnujxNTFa1FojYIl', 'uri': 'spotify:track:373gDROnujxNTFa1FojYIl', 'track_href': 'https://api.spotify.com/v1/tracks/373gDROnujxNTFa1FojYIl', 'analysis_url': 'https://api.spotify.com/v1/audio-analysis/373gDROnujxNTFa1FojYIl', 'duration_ms': 199342, 'time_signature': 4}"
"{'danceability': 0.765, 'energy': 0.598, 'key': 6, 'loudness': -8.837, 'mode': 0, 'speechiness': 0.305, 'acousticness': 0.0333, 'instrumentalness': 0, 'liveness': 0.112, 'valence': 0.183, 'tempo': 143.78, 'type': 'audio_features', 'id': '5BfAcaTKnD5s6hkwrK6EhQ', 'uri': 'spotify:track:5BfAcaTKnD5s6hkwrK6EhQ', 'track_href': 'https://api.spotify.com/v1/tracks/5BfAcaTKnD5s6hkwrK6EhQ', 'analysis_url': 'https://api.spotify.com/v1/audio-analysis/5BfAcaTKnD5s6hkwrK6EhQ', 'duration_ms': 176681, 'time_signature': 4}"
"{'danceability': 0.638, 'energy': 0.442, 'key': 0, 'loudness': -10.121, 'mode': 0, 'speechiness': 0.052, 'acousticness': 0.0993, 'instrumentalness': 0.00344, 'liveness': 0.173, 'valence': 0.376, 'tempo': 138.859, 'type': 'audio_features', 'id': '5reUV4Jv5GBY1W15E4J9w9', 'uri': 'spotify:track:5reUV4Jv5GBY1W15E4J9w9', 'track_href': 'https://api.spotify.com/v1/tracks/5reUV4Jv5GBY1W15E4J9w9', 'analysis_url': 'https://api.spotify.com/v1/audio-analysis/5reUV4Jv5GBY1W15E4J9w9', 'duration_ms': 155598, 'time_signature': 4}"
"{'danceability': 0.63, 'energy': 0.458, 'key': 6, 'loudness': -14.172, 'mode': 1, 'speechiness': 0.0718, 'acousticness': 0.15, 'instrumentalness': 0.0255, 'liveness': 0.108, 'valence': 0.208, 'tempo': 170.042, 'type': 'audio_features', 'id': '6Hh6pxNSScePI9zjKBIUg2', 'uri': 'spotify:track:6Hh6pxNSScePI9zjKBIUg2', 'track_href': 'https://api.spotify.com/v1/tracks/6Hh6pxNSScePI9zjKBIUg2', 'analysis_url': 'https://api.spotify.com/v1/audio-analysis/6Hh6pxNSScePI9zjKBIUg2', 'duration_ms': 145676, 'time_signature': 4}"
"{'danceability': 0.954, 'energy': 0.516, 'key': 6, 'loudness': -5.817, 'mode': 1, 'speechiness': 0.16, 'acousticness': 0.03, 'instrumentalness': 7.54e-06, 'liveness': 0.0504, 'valence': 0.624, 'tempo': 105.001, 'type': 'audio_features', 'id': '6UN73IYd0hZxLi8wFPMQij', 'uri': 'spotify:track:6UN73IYd0hZxLi8wFPMQij', 'track_href': 'https://api.spotify.com/v1/tracks/6UN73IYd0hZxLi8wFPMQij', 'analysis_url': 'https://api.spotify.com/v1/audio-analysis/6UN73IYd0hZxLi8wFPMQij', 'duration_ms': 139560, 'time_signature': 4}"
"{'danceability': 0.637, 'energy': 0.715, 'key': 2, 'loudness': -4.971, 'mode': 0, 'speechiness': 0.0455, 'acousticness': 0.148, 'instrumentalness': 0, 'liveness': 0.0892, 'valence': 0.308, 'tempo': 141.872, 'type': 'audio_features', 'id': '38T0tPVZHcPZyhtOcCP7pF', 'uri': 'spotify:track:38T0tPVZHcPZyhtOcCP7pF', 'track_href': 'https://api.spotify.com/v1/tracks/38T0tPVZHcPZyhtOcCP7pF', 'analysis_url': 'https://api.spotify.com/v1/audio-analysis/38T0tPVZHcPZyhtOcCP7pF', 'duration_ms': 210576, 'time_signature': 4}"
"{'danceability': 0.64, 'energy': 0.845, 'key': 0, 'loudness': -3.214, 'mode': 0, 'speechiness': 0.0356, 'acousticness': 0.00108, 'instrumentalness': 0, 'liveness': 0.0686, 'valence': 0.478, 'tempo': 120.052, 'type': 'audio_features', 'id': '7j1ZJAbcm4AMBf82jIrAH3', 'uri': 'spotify:track:7j1ZJAbcm4AMBf82jIrAH3', 'track_href': 'https://api.spotify.com/v1/tracks/7j1ZJAbcm4AMBf82jIrAH3', 'analysis_url': 'https://api.spotify.com/v1/audio-analysis/7j1ZJAbcm4AMBf82jIrAH3', 'duration_ms': 229436, 'time_signature': 4}"
"{'danceability': 0.813, 'energy': 0.469, 'key': 6, 'loudness': -7.703, 'mode': 1, 'speechiness': 0.0545, 'acousticness': 0.576, 'instrumentalness': 0.0189, 'liveness': 0.1, 'valence': 0.404, 'tempo': 122.972, 'type': 'audio_features', 'id': '5w1KF2w0e8W1EEHsCJYYCf', 'uri': 'spotify:track:5w1KF2w0e8W1EEHsCJYYCf', 'track_href': 'https://api.spotify.com/v1/tracks/5w1KF2w0e8W1EEHsCJYYCf', 'analysis_url': 'https://api.spotify.com/v1/audio-analysis/5w1KF2w0e8W1EEHsCJYYCf', 'duration_ms': 172107, 'time_signature': 4}"
"{'danceability': 0.696, 'energy': 0.809, 'key': 5, 'loudness': -8.254, 'mode': 1, 'speechiness': 0.05, 'acousticness': 0.252, 'instrumentalness': 0.000128, 'liveness': 0.248, 'valence': 0.857, 'tempo': 132.962, 'type': 'audio_features', 'id': '6AQbmUe0Qwf5PZnt4HmTXv', 'uri': 'spotify:track:6AQbmUe0Qwf5PZnt4HmTXv', 'track_href': 'https://api.spotify.com/v1/tracks/6AQbmUe0Qwf5PZnt4HmTXv', 'analysis_url': 'https://api.spotify.com/v1/audio-analysis/6AQbmUe0Qwf5PZnt4HmTXv', 'duration_ms': 131013, 'time_signature': 4}"
"{'danceability': 0.714, 'energy': 0.472, 'key': 2, 'loudness': -7.375, 'mode': 1, 'speechiness': 0.0864, 'acousticness': 0.013, 'instrumentalness': 4.51e-06, 'liveness': 0.266, 'valence': 0.238, 'tempo': 131.121, 'type': 'audio_features', 'id': '3nqQXoyQOWXiESFLlDF1hG', 'uri': 'spotify:track:3nqQXoyQOWXiESFLlDF1hG', 'track_href': 'https://api.spotify.com/v1/tracks/3nqQXoyQOWXiESFLlDF1hG', 'analysis_url': 'https://api.spotify.com/v1/audio-analysis/3nqQXoyQOWXiESFLlDF1hG', 'duration_ms': 156943, 'time_signature': 4}"
"{'danceability': 0.637, 'energy': 0.643, 'key': 4, 'loudness': -6.571, 'mode': 1, 'speechiness': 0.0519, 'acousticness': 0.13, 'instrumentalness': 1.8e-06, 'liveness': 0.142, 'valence': 0.533, 'tempo': 97.008, 'type': 'audio_features', 'id': '0V3wPSX9ygBnCm8psDIegu', 'uri': 'spotify:track:0V3wPSX9ygBnCm8psDIegu', 'track_href': 'https://api.spotify.com/v1/tracks/0V3wPSX9ygBnCm8psDIegu', 'analysis_url': 'https://api.spotify.com/v1/audio-analysis/0V3wPSX9ygBnCm8psDIegu', 'duration_ms': 200690, 'time_signature': 4}"
"{'danceability': 0.573, 'energy': 0.422, 'key': 10, 'loudness': -7.621, 'mode': 0, 'speechiness': 0.0678, 'acousticness': 0.551, 'instrumentalness': 1.31e-05, 'liveness': 0.102, 'valence': 0.693, 'tempo': 124.357, 'type': 'audio_features', 'id': '26b3oVLrRUaaybJulow9kz', 'uri': 'spotify:track:26b3oVLrRUaaybJulow9kz', 'track_href': 'https://api.spotify.com/v1/tracks/26b3oVLrRUaaybJulow9kz', 'analysis_url': 'https://api.spotify.com/v1/audio-analysis/26b3oVLrRUaaybJulow9kz', 'duration_ms': 184791, 'time_signature': 5}"
"{'danceability': 0.838, 'energy': 0.525, 'key': 10, 'loudness': -3.562, 'mode': 1, 'speechiness': 0.0665, 'acousticness': 0.345, 'instrumentalness': 1.92e-06, 'liveness': 0.0771, 'valence': 0.884, 'tempo': 144.981, 'type': 'audio_features', 'id': '0QHEIqNKsMoOY5urbzN48u', 'uri': 'spotify:track:0QHEIqNKsMoOY5urbzN48u', 'track_href': 'https://api.spotify.com/v1/tracks/0QHEIqNKsMoOY5urbzN48u', 'analysis_url': 'https://api.spotify.com/v1/audio-analysis/0QHEIqNKsMoOY5urbzN48u', 'duration_ms': 134256, 'time_signature': 4}"
"{'danceability': 0.574, 'energy': 0.469, 'key': 4, 'loudness': -8.209, 'mode': 1, 'speechiness': 0.0254, 'acousticness': 0.534, 'instrumentalness': 9.21e-05, 'liveness': 0.128, 'valence': 0.288, 'tempo': 132.023, 'type': 'audio_features', 'id': '78Sw5GDo6AlGwTwanjXbGh', 'uri': 'spotify:track:78Sw5GDo6AlGwTwanjXbGh', 'track_href': 'https://api.spotify.com/v1/tracks/78Sw5GDo6AlGwTwanjXbGh', 'analysis_url': 'https://api.spotify.com/v1/audio-analysis/78Sw5GDo6AlGwTwanjXbGh', 'duration_ms': 242485, 'time_signature': 4}"
"{'danceability': 0.766, 'energy': 0.88, 'key': 10, 'loudness': -8.096, 'mode': 0, 'speechiness': 0.128, 'acousticness': 0.0987, 'instrumentalness': 0.0815, 'liveness': 0.281, 'valence': 0.882, 'tempo': 150.029, 'type': 'audio_features', 'id': '0buvr23Xkpe54fGb0Xqsc6', 'uri': 'spotify:track:0buvr23Xkpe54fGb0Xqsc6', 'track_href': 'https://api.spotify.com/v1/tracks/0buvr23Xkpe54fGb0Xqsc6', 'analysis_url': 'https://api.spotify.com/v1/audio-analysis/0buvr23Xkpe54fGb0Xqsc6', 'duration_ms': 160901, 'time_signature': 3}"
"{'danceability': 0.644, 'energy': 0.905, 'key': 9, 'loudness': -7.296, 'mode': 1, 'speechiness': 0.0321, 'acousticness': 0.000368, 'instrumentalness': 0.0536, 'liveness': 0.0936, 'valence': 0.443, 'tempo': 135.019, 'type': 'audio_features', 'id': '4JUFBTJy1vQSGyXEV0PLbz', 'uri': 'spotify:track:4JUFBTJy1vQSGyXEV0PLbz', 'track_href': 'https://api.spotify.com/v1/tracks/4JUFBTJy1vQSGyXEV0PLbz', 'analysis_url': 'https://api.spotify.com/v1/audio-analysis/4JUFBTJy1vQSGyXEV0PLbz', 'duration_ms': 155111, 'time_signature': 4}"
"{'danceability': 0.788, 'energy': 0.93, 'key': 6, 'loudness': -3.731, 'mode': 1, 'speechiness': 0.0557, 'acousticness': 0.00435, 'instrumentalness': 0.803, 'liveness': 0.215, 'valence': 0.486, 'tempo': 130.108, 'type': 'audio_features', 'id': '1LvXRLxZ8s2ofB0X5zONou', 'uri': 'spotify:track:1LvXRLxZ8s2ofB0X5zONou', 'track_href': 'https://api.spotify.com/v1/tracks/1LvXRLxZ8s2ofB0X5zONou', 'analysis_url': 'https://api.spotify.com/v1/audio-analysis/1LvXRLxZ8s2ofB0X5zONou', 'duration_ms': 137538, 'time_signature': 4}"
"{'danceability': 0.72, 'energy': 0.795, 'key': 9, 'loudness': -5.291, 'mode': 1, 'speechiness': 0.0643, 'acousticness': 0.0265, 'instrumentalness': 0, 'liveness': 0.109, 'valence': 0.348, 'tempo': 123.92, 'type': 'audio_features', 'id': '01a7nB3AywapMgbLi3LGbZ', 'uri': 'spotify:track:01a7nB3AywapMgbLi3LGbZ', 'track_href': 'https://api.spotify.com/v1/tracks/01a7nB3AywapMgbLi3LGbZ', 'analysis_url': 'https://api.spotify.com/v1/audio-analysis/01a7nB3AywapMgbLi3LGbZ', 'duration_ms': 121000, 'time_signature': 4}"
"{'danceability': 0.534, 'energy': 0.855, 'key': 1, 'loudness': -4.923, 'mode': 0, 'speechiness': 0.183, 'acousticness': 0.0607, 'instrumentalness': 0.000263, 'liveness': 0.346, 'valence': 0.42, 'tempo': 122.06, 'type': 'audio_features', 'id': '0zKbDrEXKpnExhGQRe9dxt', 'uri': 'spotify:track:0zKbDrEXKpnExhGQRe9dxt', 'track_href': 'https://api.spotify.com/v1/tracks/0zKbDrEXKpnExhGQRe9dxt', 'analysis_url': 'https://api.spotify.com/v1/audio-analysis/0zKbDrEXKpnExhGQRe9dxt', 'duration_ms': 153443, 'time_signature': 4}"
"{'danceability': 0.7, 'energy': 0.748, 'key': 9, 'loudness': -8.16, 'mode': 0, 'speechiness': 0.0771, 'acousticness': 0.226, 'instrumentalness': 0.796, 'liveness': 0.104, 'valence': 0.154, 'tempo': 130.056, 'type': 'audio_features', 'id': '2lWc1iJlz2NVcStV5fbtPG', 'uri': 'spotify:track:2lWc1iJlz2NVcStV5fbtPG', 'track_href': 'https://api.spotify.com/v1/tracks/2lWc1iJlz2NVcStV5fbtPG', 'analysis_url': 'https://api.spotify.com/v1/audio-analysis/2lWc1iJlz2NVcStV5fbtPG', 'duration_ms': 158761, 'time_signature': 4}"
"{'danceability': 0.775, 'energy': 0.713, 'key': 9, 'loudness': -5.422, 'mode': 0, 'speechiness': 0.3, 'acousticness': 0.105, 'instrumentalness': 0.325, 'liveness': 0.0918, 'valence': 0.299, 'tempo': 125.934, 'type': 'audio_features', 'id': '2v0d2zo4bgHkge4B1O6e3c', 'uri': 'spotify:track:2v0d2zo4bgHkge4B1O6e3c', 'track_href': 'https://api.spotify.com/v1/tracks/2v0d2zo4bgHkge4B1O6e3c', 'analysis_url': 'https://api.spotify.com/v1/audio-analysis/2v0d2zo4bgHkge4B1O6e3c', 'duration_ms': 158571, 'time_signature': 4}"
"{'danceability': 0.65, 'energy': 0.566, 'key': 11, 'loudness': -9.838, 'mode': 0, 'speechiness': 0.303, 'acousticness': 0.199, 'instrumentalness': 0.53, 'liveness': 0.477, 'valence': 0.377, 'tempo': 151.107, 'type': 'audio_features', 'id': '4r8vtv55ZqVxRAXdcLGS8J', 'uri': 'spotify:track:4r8vtv55ZqVxRAXdcLGS8J', 'track_href': 'https://api.spotify.com/v1/tracks/4r8vtv55ZqVxRAXdcLGS8J', 'analysis_url': 'https://api.spotify.com/v1/audio-analysis/4r8vtv55ZqVxRAXdcLGS8J', 'duration_ms': 164327, 'time_signature': 4}"
"{'danceability': 0.52, 'energy': 0.834, 'key': 3, 'loudness': -6.442, 'mode': 0, 'speechiness': 0.0845, 'acousticness': 0.0125, 'instrumentalness': 1.94e-05, 'liveness': 0.0955, 'valence': 0.134, 'tempo': 145.066, 'type': 'audio_features', 'id': '7gJynFtygTiif6xdoipmUm', 'uri': 'spotify:track:7gJynFtygTiif6xdoipmUm', 'track_href': 'https://api.spotify.com/v1/tracks/7gJynFtygTiif6xdoipmUm', 'analysis_url': 'https://api.spotify.com/v1/audio-analysis/7gJynFtygTiif6xdoipmUm', 'duration_ms': 138621, 'time_signature': 4}"
"{'danceability': 0.84, 'energy': 0.667, 'key': 8, 'loudness': -7.126, 'mode': 1, 'speechiness': 0.0843, 'acousticness': 0.0439, 'instrumentalness': 1.34e-05, 'liveness': 0.179, 'valence': 0.292, 'tempo': 120.044, 'type': 'audio_features', 'id': '1p0jBDjxORjYNJyAphBRpE', 'uri': 'spotify:track:1p0jBDjxORjYNJyAphBRpE', 'track_href': 'https://api.spotify.com/v1/tracks/1p0jBDjxORjYNJyAphBRpE', 'analysis_url': 'https://api.spotify.com/v1/audio-analysis/1p0jBDjxORjYNJyAphBRpE', 'duration_ms': 145667, 'time_signature': 4}"
"{'danceability': 0.621, 'energy': 0.54, 'key': 11, 'loudness': -7.769, 'mode': 0, 'speechiness': 0.0499, 'acousticness': 0.339, 'instrumentalness': 1.05e-05, 'liveness': 0.121, 'valence': 0.327, 'tempo': 124.148, 'type': 'audio_features', 'id': '5M78sypr7NMw0MMcrWTS0l', 'uri': 'spotify:track:5M78sypr7NMw0MMcrWTS0l', 'track_href': 'https://api.spotify.com/v1/tracks/5M78sypr7NMw0MMcrWTS0l', 'analysis_url': 'https://api.spotify.com/v1/audio-analysis/5M78sypr7NMw0MMcrWTS0l', 'duration_ms': 157750, 'time_signature': 4}"
"{'danceability': 0.599, 'energy': 0.871, 'key': 8, 'loudness': -5.326, 'mode': 0, 'speechiness': 0.0529, 'acousticness': 0.0106, 'instrumentalness': 0, 'liveness': 0.317, 'valence': 0.575, 'tempo': 128.073, 'type': 'audio_features', 'id': '1u0vQfpkbTKMTmkO0lLDer', 'uri': 'spotify:track:1u0vQfpkbTKMTmkO0lLDer', 'track_href': 'https://api.spotify.com/v1/tracks/1u0vQfpkbTKMTmkO0lLDer', 'analysis_url': 'https://api.spotify.com/v1/audio-analysis/1u0vQfpkbTKMTmkO0lLDer', 'duration_ms': 163477, 'time_signature': 4}"
"{'danceability': 0.488, 'energy': 0.902, 'key': 4, 'loudness': -5.117, 'mode': 0, 'speechiness': 0.0511, 'acousticness': 0.0158, 'instrumentalness': 5.38e-05, 'liveness': 0.19, 'valence': 0.196, 'tempo': 160.103, 'type': 'audio_features', 'id': '3zMa1FmLbmcSNAYgXCvybp', 'uri': 'spotify:track:3zMa1FmLbmcSNAYgXCvybp', 'track_href': 'https://api.spotify.com/v1/tracks/3zMa1FmLbmcSNAYgXCvybp', 'analysis_url': 'https://api.spotify.com/v1/audio-analysis/3zMa1FmLbmcSNAYgXCvybp', 'duration_ms': 164000, 'time_signature': 4}"
"{'danceability': 0.344, 'energy': 0.796, 'key': 8, 'loudness': -7.27, 'mode': 1, 'speechiness': 0.0718, 'acousticness': 0.00072, 'instrumentalness': 0.602, 'liveness': 0.138, 'valence': 0.212, 'tempo': 149.516, 'type': 'audio_features', 'id': '0ueLLmCacZAdtP23ecNWAu', 'uri': 'spotify:track:0ueLLmCacZAdtP23ecNWAu', 'track_href': 'https://api.spotify.com/v1/tracks/0ueLLmCacZAdtP23ecNWAu', 'analysis_url': 'https://api.spotify.com/v1/audio-analysis/0ueLLmCacZAdtP23ecNWAu', 'duration_ms': 146400, 'time_signature': 4}"
"{'danceability': 0.599, 'energy': 0.971, 'key': 9, 'loudness': -7.264, 'mode': 0, 'speechiness': 0.397, 'acousticness': 0.0271, 'instrumentalness': 0.0863, 'liveness': 0.389, 'valence': 0.189, 'tempo': 180.059, 'type': 'audio_features', 'id': '0v9FopnUjdazLkHb2vzcdt', 'uri': 'spotify:track:0v9FopnUjdazLkHb2vzcdt', 'track_href': 'https://api.spotify.com/v1/tracks/0v9FopnUjdazLkHb2vzcdt', 'analysis_url': 'https://api.spotify.com/v1/audio-analysis/0v9FopnUjdazLkHb2vzcdt', 'duration_ms': 211288, 'time_signature': 4}"
"{'danceability': 0.727, 'energy': 0.852, 'key': 0, 'loudness': -5.125, 'mode': 1, 'speechiness': 0.187, 'acousticness': 7.15e-05, 'instrumentalness': 0.579, 'liveness': 0.72, 'valence': 0.282, 'tempo': 179.995, 'type': 'audio_features', 'id': '3JfKaDVt5I1egdhm2V5GRG', 'uri': 'spotify:track:3JfKaDVt5I1egdhm2V5GRG', 'track_href': 'https://api.spotify.com/v1/tracks/3JfKaDVt5I1egdhm2V5GRG', 'analysis_url': 'https://api.spotify.com/v1/audio-analysis/3JfKaDVt5I1egdhm2V5GRG', 'duration_ms': 143347, 'time_signature': 4}"
"{'danceability': 0.571, 'energy': 0.937, 'key': 6, 'loudness': -3.365, 'mode': 1, 'speechiness': 0.033, 'acousticness': 0.0337, 'instrumentalness': 3.71e-05, 'liveness': 0.212, 'valence': 0.607, 'tempo': 148.979, 'type': 'audio_features', 'id': '3JlHRjPt2TNB9h7VFf0im2', 'uri': 'spotify:track:3JlHRjPt2TNB9h7VFf0im2', 'track_href': 'https://api.spotify.com/v1/tracks/3JlHRjPt2TNB9h7VFf0im2', 'analysis_url': 'https://api.spotify.com/v1/audio-analysis/3JlHRjPt2TNB9h7VFf0im2', 'duration_ms': 127004, 'time_signature': 4}"
"{'danceability': 0.608, 'energy': 0.905, 'key': 11, 'loudness': -4.926, 'mode': 0, 'speechiness': 0.155, 'acousticness': 0.205, 'instrumentalness': 1.26e-05, 'liveness': 0.0975, 'valence': 0.544, 'tempo': 67.451, 'type': 'audio_features', 'id': '6V5LMAIGNd7qMjco5JjUSa', 'uri': 'spotify:track:6V5LMAIGNd7qMjco5JjUSa', 'track_href': 'https://api.spotify.com/v1/tracks/6V5LMAIGNd7qMjco5JjUSa', 'analysis_url': 'https://api.spotify.com/v1/audio-analysis/6V5LMAIGNd7qMjco5JjUSa', 'duration_ms': 138889, 'time_signature': 4}"
"{'danceability': 0.475, 'energy': 0.931, 'key': 6, 'loudness': -6.558, 'mode': 1, 'speechiness': 0.0313, 'acousticness': 0.00558, 'instrumentalness': 0.00631, 'liveness': 0.248, 'valence': 0.41, 'tempo': 149.946, 'type': 'audio_features', 'id': '2GELXkWZuBBSfpztDWC1qP', 'uri': 'spotify:track:2GELXkWZuBBSfpztDWC1qP', 'track_href': 'https://api.spotify.com/v1/tracks/2GELXkWZuBBSfpztDWC1qP', 'analysis_url': 'https://api.spotify.com/v1/audio-analysis/2GELXkWZuBBSfpztDWC1qP', 'duration_ms': 142400, 'time_signature': 4}"
"{'danceability': 0.7, 'energy': 0.854, 'key': 10, 'loudness': -5.436, 'mode': 0, 'speechiness': 0.0879, 'acousticness': 0.0877, 'instrumentalness': 0.0344, 'liveness': 0.453, 'valence': 0.172, 'tempo': 137.943, 'type': 'audio_features', 'id': '4MUMWxe9088SuTFKpprQ57', 'uri': 'spotify:track:4MUMWxe9088SuTFKpprQ57', 'track_href': 'https://api.spotify.com/v1/tracks/4MUMWxe9088SuTFKpprQ57', 'analysis_url': 'https://api.spotify.com/v1/audio-analysis/4MUMWxe9088SuTFKpprQ57', 'duration_ms': 160000, 'time_signature': 4}"
"{'danceability': 0.751, 'energy': 0.879, 'key': 3, 'loudness': -5.306, 'mode': 0, 'speechiness': 0.113, 'acousticness': 0.185, 'instrumentalness': 0.127, 'liveness': 0.0406, 'valence': 0.803, 'tempo': 131.007, 'type': 'audio_features', 'id': '7EXennxBRtugSuQX13uLSu', 'uri': 'spotify:track:7EXennxBRtugSuQX13uLSu', 'track_href': 'https://api.spotify.com/v1/tracks/7EXennxBRtugSuQX13uLSu', 'analysis_url': 'https://api.spotify.com/v1/audio-analysis/7EXennxBRtugSuQX13uLSu', 'duration_ms': 181374, 'time_signature': 4}"
"{'danceability': 0.713, 'energy': 0.697, 'key': 4, 'loudness': -6.759, 'mode': 0, 'speechiness': 0.0361, 'acousticness': 0.0293, 'instrumentalness': 0.000154, 'liveness': 0.457, 'valence': 0.638, 'tempo': 125.055, 'type': 'audio_features', 'id': '5ANWAzmveemGd3Zqb5FXR1', 'uri': 'spotify:track:5ANWAzmveemGd3Zqb5FXR1', 'track_href': 'https://api.spotify.com/v1/tracks/5ANWAzmveemGd3Zqb5FXR1', 'analysis_url': 'https://api.spotify.com/v1/audio-analysis/5ANWAzmveemGd3Zqb5FXR1', 'duration_ms': 143526, 'time_signature': 4}"
"{'danceability': 0.708, 'energy': 0.716, 'key': 0, 'loudness': -7.135, 'mode': 1, 'speechiness': 0.0353, 'acousticness': 0.00599, 'instrumentalness': 7.8e-05, 'liveness': 0.107, 'valence': 0.561, 'tempo': 120.028, 'type': 'audio_features', 'id': '7qhPd5HqLrCVpCWvpy8Hrh', 'uri': 'spotify:track:7qhPd5HqLrCVpCWvpy8Hrh', 'track_href': 'https://api.spotify.com/v1/tracks/7qhPd5HqLrCVpCWvpy8Hrh', 'analysis_url': 'https://api.spotify.com/v1/audio-analysis/7qhPd5HqLrCVpCWvpy8Hrh', 'duration_ms': 144375, 'time_signature': 4}"
"{'danceability': 0.701, 'energy': 0.477, 'key': 1, 'loudness': -12.008, 'mode': 1, 'speechiness': 0.0429, 'acousticness': 0.166, 'instrumentalness': 0.554, 'liveness': 0.147, 'valence': 0.174, 'tempo': 140.05, 'type': 'audio_features', 'id': '6nYJWAPKIJfXIKtiYc4P4O', 'uri': 'spotify:track:6nYJWAPKIJfXIKtiYc4P4O', 'track_href': 'https://api.spotify.com/v1/tracks/6nYJWAPKIJfXIKtiYc4P4O', 'analysis_url': 'https://api.spotify.com/v1/audio-analysis/6nYJWAPKIJfXIKtiYc4P4O', 'duration_ms': 150000, 'time_signature': 4}"
"{'danceability': 0.499, 'energy': 0.921, 'key': 7, 'loudness': -3.752, 'mode': 0, 'speechiness': 0.0473, 'acousticness': 0.00156, 'instrumentalness': 0.909, 'liveness': 0.125, 'valence': 0.31, 'tempo': 129.954, 'type': 'audio_features', 'id': '2d5KjsVCU7ryRfvEtVdTIh', 'uri': 'spotify:track:2d5KjsVCU7ryRfvEtVdTIh', 'track_href': 'https://api.spotify.com/v1/tracks/2d5KjsVCU7ryRfvEtVdTIh', 'analysis_url': 'https://api.spotify.com/v1/audio-analysis/2d5KjsVCU7ryRfvEtVdTIh', 'duration_ms': 155077, 'time_signature': 4}"
"{'danceability': 0.892, 'energy': 0.841, 'key': 11, 'loudness': -1.206, 'mode': 0, 'speechiness': 0.105, 'acousticness': 0.0127, 'instrumentalness': 0.654, 'liveness': 0.0877, 'valence': 0.597, 'tempo': 130.056, 'type': 'audio_features', 'id': '45lGbfYeIdseB3N8FSR9HG', 'uri': 'spotify:track:45lGbfYeIdseB3N8FSR9HG', 'track_href': 'https://api.spotify.com/v1/tracks/45lGbfYeIdseB3N8FSR9HG', 'analysis_url': 'https://api.spotify.com/v1/audio-analysis/45lGbfYeIdseB3N8FSR9HG', 'duration_ms': 136846, 'time_signature': 4}"
"{'danceability': 0.711, 'energy': 0.468, 'key': 5, 'loudness': -17.63, 'mode': 1, 'speechiness': 0.15, 'acousticness': 0.0129, 'instrumentalness': 0.0562, 'liveness': 0.714, 'valence': 0.556, 'tempo': 169.974, 'type': 'audio_features', 'id': '5ZNa6S7agmCmaEnxIHE73m', 'uri': 'spotify:track:5ZNa6S7agmCmaEnxIHE73m', 'track_href': 'https://api.spotify.com/v1/tracks/5ZNa6S7agmCmaEnxIHE73m', 'analysis_url': 'https://api.spotify.com/v1/audio-analysis/5ZNa6S7agmCmaEnxIHE73m', 'duration_ms': 237195, 'time_signature': 4}"
"{'danceability': 0.644, 'energy': 0.857, 'key': 10, 'loudness': -5.143, 'mode': 0, 'speechiness': 0.0406, 'acousticness': 0.0277, 'instrumentalness': 4.23e-05, 'liveness': 0.0992, 'valence': 0.164, 'tempo': 128.024, 'type': 'audio_features', 'id': '0qmua4YsDzfz9svXRNtOgb', 'uri': 'spotify:track:0qmua4YsDzfz9svXRNtOgb', 'track_href': 'https://api.spotify.com/v1/tracks/0qmua4YsDzfz9svXRNtOgb', 'analysis_url': 'https://api.spotify.com/v1/audio-analysis/0qmua4YsDzfz9svXRNtOgb', 'duration_ms': 167461, 'time_signature': 4}"
"{'danceability': 0.794, 'energy': 0.844, 'key': 10, 'loudness': -4.032, 'mode': 0, 'speechiness': 0.0396, 'acousticness': 0.189, 'instrumentalness': 5.67e-06, 'liveness': 0.272, 'valence': 0.499, 'tempo': 124.961, 'type': 'audio_features', 'id': '6tDudlNZloZt8YBPGp6ye1', 'uri': 'spotify:track:6tDudlNZloZt8YBPGp6ye1', 'track_href': 'https://api.spotify.com/v1/tracks/6tDudlNZloZt8YBPGp6ye1', 'analysis_url': 'https://api.spotify.com/v1/audio-analysis/6tDudlNZloZt8YBPGp6ye1', 'duration_ms': 161280, 'time_signature': 4}"
"{'danceability': 0.759, 'energy': 0.88, 'key': 7, 'loudness': -5.857, 'mode': 1, 'speechiness': 0.155, 'acousticness': 0.0569, 'instrumentalness': 0.000722, 'liveness': 0.165, 'valence': 0.0864, 'tempo': 132.951, 'type': 'audio_features', 'id': '47ZtMQwbGGL5A3sqwSBj81', 'uri': 'spotify:track:47ZtMQwbGGL5A3sqwSBj81', 'track_href': 'https://api.spotify.com/v1/tracks/47ZtMQwbGGL5A3sqwSBj81', 'analysis_url': 'https://api.spotify.com/v1/audio-analysis/47ZtMQwbGGL5A3sqwSBj81', 'duration_ms': 169624, 'time_signature': 4}"
"{'danceability': 0.538, 'energy': 0.869, 'key': 5, 'loudness': -3.373, 'mode': 1, 'speechiness': 0.0384, 'acousticness': 0.0684, 'instrumentalness': 0.000224, 'liveness': 0.102, 'valence': 0.502, 'tempo': 146.062, 'type': 'audio_features', 'id': '5vDUFAevjofyUJH348o7QT', 'uri': 'spotify:track:5vDUFAevjofyUJH348o7QT', 'track_href': 'https://api.spotify.com/v1/tracks/5vDUFAevjofyUJH348o7QT', 'analysis_url': 'https://api.spotify.com/v1/audio-analysis/5vDUFAevjofyUJH348o7QT', 'duration_ms': 156857, 'time_signature': 4}"
"{'danceability': 0.552, 'energy': 0.888, 'key': 9, 'loudness': -5.531, 'mode': 0, 'speechiness': 0.0412, 'acousticness': 0.0613, 'instrumentalness': 0.000194, 'liveness': 0.117, 'valence': 0.553, 'tempo': 144.943, 'type': 'audio_features', 'id': '4RGTwTk5Vd5uzDshtlYwW7', 'uri': 'spotify:track:4RGTwTk5Vd5uzDshtlYwW7', 'track_href': 'https://api.spotify.com/v1/tracks/4RGTwTk5Vd5uzDshtlYwW7', 'analysis_url': 'https://api.spotify.com/v1/audio-analysis/4RGTwTk5Vd5uzDshtlYwW7', 'duration_ms': 143930, 'time_signature': 4}"
"{'danceability': 0.669, 'energy': 0.873, 'key': 1, 'loudness': -6.767, 'mode': 1, 'speechiness': 0.179, 'acousticness': 0.0405, 'instrumentalness': 0.00181, 'liveness': 0.252, 'valence': 0.442, 'tempo': 142.081, 'type': 'audio_features', 'id': '5fQllnHCmwjhmhnpFAcknW', 'uri': 'spotify:track:5fQllnHCmwjhmhnpFAcknW', 'track_href': 'https://api.spotify.com/v1/tracks/5fQllnHCmwjhmhnpFAcknW', 'analysis_url': 'https://api.spotify.com/v1/audio-analysis/5fQllnHCmwjhmhnpFAcknW', 'duration_ms': 133944, 'time_signature': 4}"
"{'danceability': 0.673, 'energy': 0.991, 'key': 2, 'loudness': -2.647, 'mode': 1, 'speechiness': 0.0646, 'acousticness': 0.104, 'instrumentalness': 0.807, 'liveness': 0.0874, 'valence': 0.422, 'tempo': 150.017, 'type': 'audio_features', 'id': '5XlfRHrrl5kxkm22pxeLjH', 'uri': 'spotify:track:5XlfRHrrl5kxkm22pxeLjH', 'track_href': 'https://api.spotify.com/v1/tracks/5XlfRHrrl5kxkm22pxeLjH', 'analysis_url': 'https://api.spotify.com/v1/audio-analysis/5XlfRHrrl5kxkm22pxeLjH', 'duration_ms': 148412, 'time_signature': 4}"
"{'danceability': 0.269, 'energy': 0.916, 'key': 9, 'loudness': -3.457, 'mode': 0, 'speechiness': 0.151, 'acousticness': 0.00444, 'instrumentalness': 2.42e-06, 'liveness': 0.105, 'valence': 0.225, 'tempo': 154.936, 'type': 'audio_features', 'id': '4fc381V6V17JS7RqXH2E7M', 'uri': 'spotify:track:4fc381V6V17JS7RqXH2E7M', 'track_href': 'https://api.spotify.com/v1/tracks/4fc381V6V17JS7RqXH2E7M', 'analysis_url': 'https://api.spotify.com/v1/audio-analysis/4fc381V6V17JS7RqXH2E7M', 'duration_ms': 238456, 'time_signature': 3}"
"{'danceability': 0.718, 'energy': 0.866, 'key': 11, 'loudness': -6.958, 'mode': 1, 'speechiness': 0.175, 'acousticness': 0.00534, 'instrumentalness': 0.00263, 'liveness': 0.333, 'valence': 0.38, 'tempo': 139.997, 'type': 'audio_features', 'id': '3J731DK3zEufsb4xaTbvrL', 'uri': 'spotify:track:3J731DK3zEufsb4xaTbvrL', 'track_href': 'https://api.spotify.com/v1/tracks/3J731DK3zEufsb4xaTbvrL', 'analysis_url': 'https://api.spotify.com/v1/audio-analysis/3J731DK3zEufsb4xaTbvrL', 'duration_ms': 151004, 'time_signature': 4}"
"{'danceability': 0.617, 'energy': 0.866, 'key': 1, 'loudness': -5.619, 'mode': 0, 'speechiness': 0.106, 'acousticness': 0.0208, 'instrumentalness': 0.000224, 'liveness': 0.0472, 'valence': 0.461, 'tempo': 130.117, 'type': 'audio_features', 'id': '7FqvWKsTvL7r570vVcgRK0', 'uri': 'spotify:track:7FqvWKsTvL7r570vVcgRK0', 'track_href': 'https://api.spotify.com/v1/tracks/7FqvWKsTvL7r570vVcgRK0', 'analysis_url': 'https://api.spotify.com/v1/audio-analysis/7FqvWKsTvL7r570vVcgRK0', 'duration_ms': 146782, 'time_signature': 4}"
"{'danceability': 0.764, 'energy': 0.817, 'key': 4, 'loudness': -5.135, 'mode': 0, 'speechiness': 0.148, 'acousticness': 0.0422, 'instrumentalness': 0.663, 'liveness': 0.245, 'valence': 0.415, 'tempo': 122.024, 'type': 'audio_features', 'id': '00TNno8mzugrcej0FqJvrW', 'uri': 'spotify:track:00TNno8mzugrcej0FqJvrW', 'track_href': 'https://api.spotify.com/v1/tracks/00TNno8mzugrcej0FqJvrW', 'analysis_url': 'https://api.spotify.com/v1/audio-analysis/00TNno8mzugrcej0FqJvrW', 'duration_ms': 155000, 'time_signature': 4}"
"{'danceability': 0.696, 'energy': 0.793, 'key': 8, 'loudness': -5.733, 'mode': 1, 'speechiness': 0.097, 'acousticness': 0.0683, 'instrumentalness': 3.78e-06, 'liveness': 0.18, 'valence': 0.698, 'tempo': 120.003, 'type': 'audio_features', 'id': '6BePGk3eCan4FqaW2X8Qy3', 'uri': 'spotify:track:6BePGk3eCan4FqaW2X8Qy3', 'track_href': 'https://api.spotify.com/v1/tracks/6BePGk3eCan4FqaW2X8Qy3', 'analysis_url': 'https://api.spotify.com/v1/audio-analysis/6BePGk3eCan4FqaW2X8Qy3', 'duration_ms': 172253, 'time_signature': 4}"
"{'danceability': 0.923, 'energy': 0.531, 'key': 11, 'loudness': -7.525, 'mode': 0, 'speechiness': 0.0481, 'acousticness': 0.64, 'instrumentalness': 0.0174, 'liveness': 0.121, 'valence': 0.858, 'tempo': 119.985, 'type': 'audio_features', 'id': '7KoUk2BFyV8HkocdHMUNTw', 'uri': 'spotify:track:7KoUk2BFyV8HkocdHMUNTw', 'track_href': 'https://api.spotify.com/v1/tracks/7KoUk2BFyV8HkocdHMUNTw', 'analysis_url': 'https://api.spotify.com/v1/audio-analysis/7KoUk2BFyV8HkocdHMUNTw', 'duration_ms': 155098, 'time_signature': 4}"
"{'danceability': 0.663, 'energy': 0.559, 'key': 6, 'loudness': -12.876, 'mode': 0, 'speechiness': 0.0391, 'acousticness': 0.136, 'instrumentalness': 0.0894, 'liveness': 0.108, 'valence': 0.296, 'tempo': 145.007, 'type': 'audio_features', 'id': '4tRhRLBxIZ34Iw0eCuiC03', 'uri': 'spotify:track:4tRhRLBxIZ34Iw0eCuiC03', 'track_href': 'https://api.spotify.com/v1/tracks/4tRhRLBxIZ34Iw0eCuiC03', 'analysis_url': 'https://api.spotify.com/v1/audio-analysis/4tRhRLBxIZ34Iw0eCuiC03', 'duration_ms': 206385, 'time_signature': 4}"
"{'danceability': 0.496, 'energy': 0.857, 'key': 0, 'loudness': -5.943, 'mode': 0, 'speechiness': 0.0463, 'acousticness': 0.0018, 'instrumentalness': 0.369, 'liveness': 0.0891, 'valence': 0.5, 'tempo': 150.031, 'type': 'audio_features', 'id': '1G6S3IxD5oapB1SDqUyg2h', 'uri': 'spotify:track:1G6S3IxD5oapB1SDqUyg2h', 'track_href': 'https://api.spotify.com/v1/tracks/1G6S3IxD5oapB1SDqUyg2h', 'analysis_url': 'https://api.spotify.com/v1/audio-analysis/1G6S3IxD5oapB1SDqUyg2h', 'duration_ms': 165600, 'time_signature': 4}"
"{'danceability': 0.628, 'energy': 0.967, 'key': 8, 'loudness': -2.43, 'mode': 1, 'speechiness': 0.0538, 'acousticness': 0.0217, 'instrumentalness': 0.00157, 'liveness': 0.336, 'valence': 0.349, 'tempo': 125.982, 'type': 'audio_features', 'id': '5vlzH0ps6WDyb158oFTAb3', 'uri': 'spotify:track:5vlzH0ps6WDyb158oFTAb3', 'track_href': 'https://api.spotify.com/v1/tracks/5vlzH0ps6WDyb158oFTAb3', 'analysis_url': 'https://api.spotify.com/v1/audio-analysis/5vlzH0ps6WDyb158oFTAb3', 'duration_ms': 186689, 'time_signature': 4}"
"{'danceability': 0.753, 'energy': 0.836, 'key': 1, 'loudness': -5.506, 'mode': 0, 'speechiness': 0.044, 'acousticness': 0.101, 'instrumentalness': 0.000896, 'liveness': 0.118, 'valence': 0.661, 'tempo': 121.95, 'type': 'audio_features', 'id': '4j5UF24fwzvkw6QtNH5YtK', 'uri': 'spotify:track:4j5UF24fwzvkw6QtNH5YtK', 'track_href': 'https://api.spotify.com/v1/tracks/4j5UF24fwzvkw6QtNH5YtK', 'analysis_url': 'https://api.spotify.com/v1/audio-analysis/4j5UF24fwzvkw6QtNH5YtK', 'duration_ms': 160850, 'time_signature': 4}"
"{'danceability': 0.558, 'energy': 0.908, 'key': 8, 'loudness': -5.289, 'mode': 1, 'speechiness': 0.0588, 'acousticness': 0.042, 'instrumentalness': 6.72e-05, 'liveness': 0.38, 'valence': 0.431, 'tempo': 153.007, 'type': 'audio_features', 'id': '2RyTblYodC8cnGWFxlnSM5', 'uri': 'spotify:track:2RyTblYodC8cnGWFxlnSM5', 'track_href': 'https://api.spotify.com/v1/tracks/2RyTblYodC8cnGWFxlnSM5', 'analysis_url': 'https://api.spotify.com/v1/audio-analysis/2RyTblYodC8cnGWFxlnSM5', 'duration_ms': 148920, 'time_signature': 4}"
"{'danceability': 0.53, 'energy': 0.882, 'key': 5, 'loudness': -4.805, 'mode': 0, 'speechiness': 0.0497, 'acousticness': 0.0036, 'instrumentalness': 0, 'liveness': 0.339, 'valence': 0.274, 'tempo': 148.02, 'type': 'audio_features', 'id': '4t2BiyPhaMpf2bzOdUoTD5', 'uri': 'spotify:track:4t2BiyPhaMpf2bzOdUoTD5', 'track_href': 'https://api.spotify.com/v1/tracks/4t2BiyPhaMpf2bzOdUoTD5', 'analysis_url': 'https://api.spotify.com/v1/audio-analysis/4t2BiyPhaMpf2bzOdUoTD5', 'duration_ms': 160473, 'time_signature': 4}"
"{'danceability': 0.794, 'energy': 0.732, 'key': 1, 'loudness': -4.831, 'mode': 0, 'speechiness': 0.199, 'acousticness': 0.201, 'instrumentalness': 0.0025, 'liveness': 0.278, 'valence': 0.122, 'tempo': 126.224, 'type': 'audio_features', 'id': '0QR4vZ9iuNjrkWYNLoVAnM', 'uri': 'spotify:track:0QR4vZ9iuNjrkWYNLoVAnM', 'track_href': 'https://api.spotify.com/v1/tracks/0QR4vZ9iuNjrkWYNLoVAnM', 'analysis_url': 'https://api.spotify.com/v1/audio-analysis/0QR4vZ9iuNjrkWYNLoVAnM', 'duration_ms': 174957, 'time_signature': 4}"
"{'danceability': 0.598, 'energy': 0.783, 'key': 5, 'loudness': -3.908, 'mode': 0, 'speechiness': 0.0392, 'acousticness': 0.173, 'instrumentalness': 0, 'liveness': 0.0696, 'valence': 0.396, 'tempo': 126.018, 'type': 'audio_features', 'id': '2AcKLW30dJ03qXsGU3RehH', 'uri': 'spotify:track:2AcKLW30dJ03qXsGU3RehH', 'track_href': 'https://api.spotify.com/v1/tracks/2AcKLW30dJ03qXsGU3RehH', 'analysis_url': 'https://api.spotify.com/v1/audio-analysis/2AcKLW30dJ03qXsGU3RehH', 'duration_ms': 147973, 'time_signature': 4}"
"{'danceability': 0.712, 'energy': 0.814, 'key': 10, 'loudness': -5.123, 'mode': 0, 'speechiness': 0.162, 'acousticness': 0.0275, 'instrumentalness': 0, 'liveness': 0.0652, 'valence': 0.563, 'tempo': 126.01, 'type': 'audio_features', 'id': '318quSv1UJeamoAkEDjAuY', 'uri': 'spotify:track:318quSv1UJeamoAkEDjAuY', 'track_href': 'https://api.spotify.com/v1/tracks/318quSv1UJeamoAkEDjAuY', 'analysis_url': 'https://api.spotify.com/v1/audio-analysis/318quSv1UJeamoAkEDjAuY', 'duration_ms': 143056, 'time_signature': 4}"
"{'danceability': 0.728, 'energy': 0.785, 'key': 2, 'loudness': -4.83, 'mode': 1, 'speechiness': 0.047, 'acousticness': 0.0422, 'instrumentalness': 0, 'liveness': 0.596, 'valence': 0.719, 'tempo': 127.029, 'type': 'audio_features', 'id': '7IAFfnLZEm7zPyTBNjjdYb', 'uri': 'spotify:track:7IAFfnLZEm7zPyTBNjjdYb', 'track_href': 'https://api.spotify.com/v1/tracks/7IAFfnLZEm7zPyTBNjjdYb', 'analysis_url': 'https://api.spotify.com/v1/audio-analysis/7IAFfnLZEm7zPyTBNjjdYb', 'duration_ms': 150132, 'time_signature': 4}"
